stock_id,exp_id,fragB_smiles,oligomer_smiles
SP001,C03,Brc1ccc(-c2ccc(Br)cc2)cc1,CC1(C)c2ccccc2-c2ccc(-c3ccc(-c4ccc(-c5ccc6c(c5)C(C)(C)c5ccccc5-6)cc4)cc3)cc21
SP002,C01,Ic1ccc(I)cc1,CC1(C)c2ccccc2-c2ccc(-c3ccc(-c4ccc5c(c4)C(C)(C)c4ccccc4-5)cc3)cc21
SP003,C02,Cc1cc(Br)c(C)cc1Br,Cc1cc(-c2ccc3c(c2)C(C)(C)c2ccccc2-3)c(C)cc1-c1ccc2c(c1)C(C)(C)c1ccccc1-2
SP004,,Fc1c(F)c(-c2c(F)c(F)c(Br)c(F)c2F)c(F)c(F)c1Br,CC1(C)c2ccccc2-c2ccc(-c3c(F)c(F)c(-c4c(F)c(F)c(-c5ccc6c(c5)C(C)(C)c5ccccc5-6)c(F)c4F)c(F)c3F)cc21
SP005,C04,CC1(C)c2cc(Br)ccc2-c2ccc(Br)cc21,CC1(C)c2ccccc2-c2ccc(-c3ccc4c(c3)C(C)(C)c3cc(-c5ccc6c(c5)C(C)(C)c5ccccc5-6)ccc3-4)cc21
SP006,O01,O=C1c2cc(Br)ccc2-c2ccc(Br)cc21,CC1(C)c2ccccc2-c2ccc(-c3ccc4c(c3)C(=O)c3cc(-c5ccc6c(c5)C(C)(C)c5ccccc5-6)ccc3-4)cc21
SP007,,Brc1ccc2c(c1)[nH]c1cc(Br)ccc12,CC1(C)c2ccccc2-c2ccc(-c3ccc4c(c3)[nH]c3cc(-c5ccc6c(c5)C(C)(C)c5ccccc5-6)ccc34)cc21
SP008,C06,Brc1c2ccccc2c(Br)c2ccccc12,CC1(C)c2ccccc2-c2ccc(-c3c4ccccc4c(-c4ccc5c(c4)C(C)(C)c4ccccc4-5)c4ccccc34)cc21
SP009,,Brc1c2ccccc2c(-c2c3ccccc3c(Br)c3ccccc23)c2ccccc12,CC1(C)c2ccccc2-c2ccc(-c3c4ccccc4c(-c4c5ccccc5c(-c5ccc6c(c5)C(C)(C)c5ccccc5-6)c5ccccc45)c4ccccc34)cc21
SP010,,Brc1ccc2cc(Br)ccc2c1,CC1(C)c2ccccc2-c2ccc(-c3ccc4cc(-c5ccc6c(c5)C(C)(C)c5ccccc5-6)ccc4c3)cc21
SP011,S01,Brc1cc2sc(Br)cc2s1,CC1(C)c2ccccc2-c2ccc(-c3cc4sc(-c5ccc6c(c5)C(C)(C)c5ccccc5-6)cc4s3)cc21
SP012,BD02,Brc1ccc(Br)c2nsnc12,CC1(C)c2ccccc2-c2ccc(-c3ccc(-c4ccc5c(c4)C(C)(C)c4ccccc4-5)c4nsnc34)cc21
SP013,BD03,Brc1cnc(Br)c2nsnc12,CC1(C)c2ccccc2-c2ccc(-c3cnc(-c4ccc5c(c4)C(C)(C)c4ccccc4-5)c4nsnc34)cc21
SP014,,Fc1c(F)c(Br)c(F)c(Br)c1F,CC1(C)c2ccccc2-c2ccc(-c3c(F)c(F)c(F)c(-c4ccc5c(c4)C(C)(C)c4ccccc4-5)c3F)cc21
SP015,,Nc1cc(Br)ccc1-c1ccc(Br)cc1N,CC1(C)c2ccccc2-c2ccc(-c3ccc(-c4ccc(-c5ccc6c(c5)C(C)(C)c5ccccc5-6)cc4N)c(N)c3)cc21
SP016,,Brc1ccc(-c2ccc(-c3ccc(Br)cc3)cc2)cc1,CC1(C)c2ccccc2-c2ccc(-c3ccc(-c4ccc(-c5ccc(-c6ccc7c(c6)C(C)(C)c6ccccc6-7)cc5)cc4)cc3)cc21
SP017,,Cc1cc(-c2ccc(Br)cc2)c(C)cc1-c1ccc(Br)cc1,Cc1cc(-c2ccc(-c3ccc4c(c3)C(C)(C)c3ccccc3-4)cc2)c(C)cc1-c1ccc(-c2ccc3c(c2)C(C)(C)c2ccccc2-3)cc1
SP018,,Fc1cc(Br)ccc1Br,CC1(C)c2ccccc2-c2ccc(-c3ccc(-c4ccc5c(c4)C(C)(C)c4ccccc4-5)c(F)c3)cc21
SP019,,Fc1c(F)c(Br)c(F)c(F)c1Br,CC1(C)c2ccccc2-c2ccc(-c3c(F)c(F)c(-c4ccc5c(c4)C(C)(C)c4ccccc4-5)c(F)c3F)cc21
SP020,,COc1cc(Br)c(OC)cc1Br,COc1cc(-c2ccc3c(c2)C(C)(C)c2ccccc2-3)c(OC)cc1-c1ccc2c(c1)C(C)(C)c1ccccc1-2
SP021,,FC(F)(F)c1cc(Br)ccc1Br,CC1(C)c2ccccc2-c2ccc(-c3ccc(-c4ccc5c(c4)C(C)(C)c4ccccc4-5)c(C(F)(F)F)c3)cc21
SP022,,O=[N+]([O-])c1cc(Br)ccc1Br,CC1(C)c2ccccc2-c2ccc(-c3ccc(-c4ccc5c(c4)C(C)(C)c4ccccc4-5)c([N+](=O)[O-])c3)cc21
SP023,,Nc1cc(Br)ccc1Br,CC1(C)c2ccccc2-c2ccc(-c3ccc(-c4ccc5c(c4)C(C)(C)c4ccccc4-5)c(N)c3)cc21
SP024,N13,Brc1ccc(Br)c2nccnc12,CC1(C)c2ccccc2-c2ccc(-c3ccc(-c4ccc5c(c4)C(C)(C)c4ccccc4-5)c4nccnc34)cc21
SP025,,Brc1ccc(Br)s1,CC1(C)c2ccccc2-c2ccc(-c3ccc(-c4ccc5c(c4)C(C)(C)c4ccccc4-5)s3)cc21
SP026,,O=[N+]([O-])c1c(Br)sc(Br)c1[N+](=O)[O-],CC1(C)c2ccccc2-c2ccc(-c3sc(-c4ccc5c(c4)C(C)(C)c4ccccc4-5)c([N+](=O)[O-])c3[N+](=O)[O-])cc21
SP027,,Brc1sc(Br)c2c1OCCO2,CC1(C)c2ccccc2-c2ccc(-c3sc(-c4ccc5c(c4)C(C)(C)c4ccccc4-5)c4c3OCCO4)cc21
SP028,,Fc1cc(Br)c(F)cc1Br,CC1(C)c2ccccc2-c2ccc(-c3cc(F)c(-c4ccc5c(c4)C(C)(C)c4ccccc4-5)cc3F)cc21
SP029,,Cc1cc(Br)ccc1Br,Cc1cc(-c2ccc3c(c2)C(C)(C)c2ccccc2-3)ccc1-c1ccc2c(c1)C(C)(C)c1ccccc1-2
SP030,,O=C(O)c1cc(Br)ccc1Br,CC1(C)c2ccccc2-c2ccc(-c3ccc(-c4ccc5c(c4)C(C)(C)c4ccccc4-5)c(C(=O)O)c3)cc21
SP031,N02,Brc1ccc(Br)nn1,CC1(C)c2ccccc2-c2ccc(-c3ccc(-c4ccc5c(c4)C(C)(C)c4ccccc4-5)nn3)cc21
SP032,,FC(F)(F)c1cc(Br)ncc1Br,CC1(C)c2ccccc2-c2ccc(-c3cc(C(F)(F)F)c(-c4ccc5c(c4)C(C)(C)c4ccccc4-5)cn3)cc21
SP033,,Brc1cnc(Br)nc1,CC1(C)c2ccccc2-c2ccc(-c3cnc(-c4ccc5c(c4)C(C)(C)c4ccccc4-5)nc3)cc21
SP034,,Brc1ccc2ccc(Br)cc2c1,CC1(C)c2ccccc2-c2ccc(-c3ccc4ccc(-c5ccc6c(c5)C(C)(C)c5ccccc5-6)cc4c3)cc21
SP035,,Brc1ccccc1-c1ccccc1Br,CC1(C)c2ccccc2-c2ccc(-c3ccccc3-c3ccccc3-c3ccc4c(c3)C(C)(C)c3ccccc3-4)cc21
SP036,,Brc1cccc(Br)c1,CC1(C)c2ccccc2-c2ccc(-c3cccc(-c4ccc5c(c4)C(C)(C)c4ccccc4-5)c3)cc21
SP037,,Brc1ccsc1-c1sccc1Br,CC1(C)c2ccccc2-c2ccc(-c3ccsc3-c3sccc3-c3ccc4c(c3)C(C)(C)c3ccccc3-4)cc21
SP038,S05,Brc1ccc(-c2ccc(-c3ccc(Br)s3)s2)s1,CC1(C)c2ccccc2-c2ccc(-c3ccc(-c4ccc(-c5ccc(-c6ccc7c(c6)C(C)(C)c6ccccc6-7)s5)s4)s3)cc21
SP039,,Brc1cccc(-c2cccc(-c3cccc(Br)n3)n2)n1,CC1(C)c2ccccc2-c2ccc(-c3cccc(-c4cccc(-c5cccc(-c6ccc7c(c6)C(C)(C)c6ccccc6-7)n5)n4)n3)cc21
SP040,,Brc1cccc(-c2cccc(Br)n2)n1,CC1(C)c2ccccc2-c2ccc(-c3cccc(-c4cccc(-c5ccc6c(c5)C(C)(C)c5ccccc5-6)n4)n3)cc21
SP041,,Brc1cccc(Br)n1,CC1(C)c2ccccc2-c2ccc(-c3cccc(-c4ccc5c(c4)C(C)(C)c4ccccc4-5)n3)cc21
SP042,,Oc1cc(Br)c(O)cc1Br,CC1(C)c2ccccc2-c2ccc(-c3cc(O)c(-c4ccc5c(c4)C(C)(C)c4ccccc4-5)cc3O)cc21
SP043,,Fc1cc(Br)c2nsnc2c1Br,CC1(C)c2ccccc2-c2ccc(-c3cc(F)c(-c4ccc5c(c4)C(C)(C)c4ccccc4-5)c4nsnc34)cc21
SP044,,O=S(=O)(F)c1cc(Br)ccc1Br,CC1(C)c2ccccc2-c2ccc(-c3ccc(-c4ccc5c(c4)C(C)(C)c4ccccc4-5)c(S(=O)(=O)F)c3)cc21
SP045,,OCc1cc(Br)nc(Br)c1,CC1(C)c2ccccc2-c2ccc(-c3cc(CO)cc(-c4ccc5c(c4)C(C)(C)c4ccccc4-5)n3)cc21
SP046,,Fc1cc(OCc2ccccc2)c(Br)cc1Br,CC1(C)c2ccccc2-c2ccc(-c3cc(-c4ccc5c(c4)C(C)(C)c4ccccc4-5)c(OCc4ccccc4)cc3F)cc21
SP047,,FC(F)(F)Oc1ccc(Br)c(Br)c1,CC1(C)c2ccccc2-c2ccc(-c3ccc(OC(F)(F)F)cc3-c3ccc4c(c3)C(C)(C)c3ccccc3-4)cc21
SP048,,CS(=O)(=O)c1ccc(Br)c(Br)c1,CC1(C)c2ccccc2-c2ccc(-c3ccc(S(C)(=O)=O)cc3-c3ccc4c(c3)C(C)(C)c3ccccc3-4)cc21
SP049,,FC(F)(F)Oc1cc(Br)cc(Br)c1,CC1(C)c2ccccc2-c2ccc(-c3cc(OC(F)(F)F)cc(-c4ccc5c(c4)C(C)(C)c4ccccc4-5)c3)cc21
SP050,,FC(F)(F)c1cc(Br)cc(Br)c1,CC1(C)c2ccccc2-c2ccc(-c3cc(-c4ccc5c(c4)C(C)(C)c4ccccc4-5)cc(C(F)(F)F)c3)cc21
SP051,,COC(=O)c1nc(N)c(Br)cc1Br,COC(=O)c1nc(N)c(-c2ccc3c(c2)C(C)(C)c2ccccc2-3)cc1-c1ccc2c(c1)C(C)(C)c1ccccc1-2
SP052,,CS(=O)(=O)c1cc(Br)cc(Br)c1,CC1(C)c2ccccc2-c2ccc(-c3cc(-c4ccc5c(c4)C(C)(C)c4ccccc4-5)cc(S(C)(=O)=O)c3)cc21
SP053,,Brc1cc(Br)cc(Oc2ccccc2)c1,CC1(C)c2ccccc2-c2ccc(-c3cc(Oc4ccccc4)cc(-c4ccc5c(c4)C(C)(C)c4ccccc4-5)c3)cc21
SP054,,CC(C)(C)c1cc(Br)cc(Br)c1,CC(C)(C)c1cc(-c2ccc3c(c2)C(C)(C)c2ccccc2-3)cc(-c2ccc3c(c2)C(C)(C)c2ccccc2-3)c1
SP055,,Cc1c(Br)ccc(Br)c1C,Cc1c(-c2ccc3c(c2)C(C)(C)c2ccccc2-3)ccc(-c2ccc3c(c2)C(C)(C)c2ccccc2-3)c1C
SP060,,Fc1cc(Br)cc(F)c1Br,CC1(C)c2ccccc2-c2ccc(-c3cc(F)c(-c4ccc5c(c4)C(C)(C)c4ccccc4-5)c(F)c3)cc21
SP061,C05,Brc1ccc(Br)c2ccccc12,CC1(C)c2ccccc2-c2ccc(-c3ccc(-c4ccc5c(c4)C(C)(C)c4ccccc4-5)c4ccccc34)cc21
SP062,,Fc1c(Br)cc(Br)c(F)c1F,CC1(C)c2ccccc2-c2ccc(-c3cc(-c4ccc5c(c4)C(C)(C)c4ccccc4-5)c(F)c(F)c3F)cc21
SP063,,Brc1ccc(OCC2CCCCO2)c(Br)c1,CC1(C)c2ccccc2-c2ccc(-c3ccc(OCC4CCCCO4)c(-c4ccc5c(c4)C(C)(C)c4ccccc4-5)c3)cc21
SP064,,N#CCc1cc(Br)ccc1Br,CC1(C)c2ccccc2-c2ccc(-c3ccc(-c4ccc5c(c4)C(C)(C)c4ccccc4-5)c(C#N)c3)cc21
SP065,,Cc1csc(Br)c1Br,Cc1csc(-c2ccc3c(c2)C(C)(C)c2ccccc2-3)c1-c1ccc2c(c1)C(C)(C)c1ccccc1-2
SP066,,Cc1cnc(Br)c(Br)c1,Cc1cnc(-c2ccc3c(c2)C(C)(C)c2ccccc2-3)c(-c2ccc3c(c2)C(C)(C)c2ccccc2-3)c1
SP067,,COc1cccc(Br)c1Br,COc1cccc(-c2ccc3c(c2)C(C)(C)c2ccccc2-3)c1-c1ccc2c(c1)C(C)(C)c1ccccc1-2
SP068,,Brc1sc2ccccc2c1Br,CC1(C)c2ccccc2-c2ccc(-c3sc4ccccc4c3-c3ccc4c(c3)C(C)(C)c3ccccc3-4)cc21
SP069,,Brc1ccoc1Br,CC1(C)c2ccccc2-c2ccc(-c3ccoc3-c3ccc4c(c3)C(C)(C)c3ccccc3-4)cc21
SP070,,Brc1ccsc1Br,CC1(C)c2ccccc2-c2ccc(-c3ccsc3-c3ccc4c(c3)C(C)(C)c3ccccc3-4)cc21
SP071,,Fc1ccc(Br)cc1Br,CC1(C)c2ccccc2-c2ccc(-c3ccc(F)c(-c4ccc5c(c4)C(C)(C)c4ccccc4-5)c3)cc21
SP072,,CSc1cc(F)c(Br)cc1Br,CSc1cc(F)c(-c2ccc3c(c2)C(C)(C)c2ccccc2-3)cc1-c1ccc2c(c1)C(C)(C)c1ccccc1-2
SP073,,Nc1c(Br)cc(Br)cc1C(F)(F)F,CC1(C)c2ccccc2-c2ccc(-c3cc(-c4ccc5c(c4)C(C)(C)c4ccccc4-5)c(N)c(C(F)(F)F)c3)cc21
SP074,,Cc1cc(Br)cc(Br)c1O,Cc1cc(-c2ccc3c(c2)C(C)(C)c2ccccc2-3)cc(-c2ccc3c(c2)C(C)(C)c2ccccc2-3)c1O
SP075,,O=C(O)Cc1ccc(Br)cc1Br,CC1(C)c2ccccc2-c2ccc(-c3ccc(CC(=O)O)c(-c4ccc5c(c4)C(C)(C)c4ccccc4-5)c3)cc21
SP076,,N#Cc1ccc(Br)cc1Br,CC1(C)c2ccccc2-c2ccc(-c3ccc(C#N)c(-c4ccc5c(c4)C(C)(C)c4ccccc4-5)c3)cc21
SP077,,CNc1ccc(Br)cc1Br,CNc1ccc(-c2ccc3c(c2)C(C)(C)c2ccccc2-3)cc1-c1ccc2c(c1)C(C)(C)c1ccccc1-2
SP078,X01,Brc1csc(Br)n1,CC1(C)c2ccccc2-c2ccc(-c3csc(-c4ccc5c(c4)C(C)(C)c4ccccc4-5)n3)cc21
SP079,,Cc1ccc(Br)cc1Br,Cc1ccc(-c2ccc3c(c2)C(C)(C)c2ccccc2-3)cc1-c1ccc2c(c1)C(C)(C)c1ccccc1-2
SP080,X03,Brc1nnc(Br)s1,CC1(C)c2ccccc2-c2ccc(-c3nnc(-c4ccc5c(c4)C(C)(C)c4ccccc4-5)s3)cc21
SP081,,CCCCCCc1c(Br)sc(Br)c1CCCCCC,Cc1c(-c2ccc3c(c2)C(C)(C)c2ccccc2-3)sc(-c2ccc3c(c2)C(C)(C)c2ccccc2-3)c1C
SP083,,Brc1cc(C2CCCCC2)c(Br)s1,CC1(C)c2ccccc2-c2ccc(-c3cc(C4CCCCC4)c(-c4ccc5c(c4)C(C)(C)c4ccccc4-5)s3)cc21
SP087,,Cc1cc(Br)sc1Br,Cc1cc(-c2ccc3c(c2)C(C)(C)c2ccccc2-3)sc1-c1ccc2c(c1)C(C)(C)c1ccccc1-2
SP089,,Cc1cc(Br)cnc1Br,Cc1cc(-c2ccc3c(c2)C(C)(C)c2ccccc2-3)cnc1-c1ccc2c(c1)C(C)(C)c1ccccc1-2
SP090,,COc1cc(Br)c(F)cc1Br,COc1cc(-c2ccc3c(c2)C(C)(C)c2ccccc2-3)c(F)cc1-c1ccc2c(c1)C(C)(C)c1ccccc1-2
SP091,,COc1cc(Br)ncc1Br,COc1cc(-c2ccc3c(c2)C(C)(C)c2ccccc2-3)ncc1-c1ccc2c(c1)C(C)(C)c1ccccc1-2
SP092,N04,Cc1cc(Br)ncc1Br,Cc1cc(-c2ccc3c(c2)C(C)(C)c2ccccc2-3)ncc1-c1ccc2c(c1)C(C)(C)c1ccccc1-2
SP093,,NS(=O)(=O)c1cc(Br)ccc1Br,CC1(C)c2ccccc2-c2ccc(-c3ccc(-c4ccc5c(c4)C(C)(C)c4ccccc4-5)c(S(N)(=O)=O)c3)cc21
SP094,,Brc1ccc(Br)o1,CC1(C)c2ccccc2-c2ccc(-c3ccc(-c4ccc5c(c4)C(C)(C)c4ccccc4-5)o3)cc21
SP095,,CC(C)[Si](C(C)C)(C(C)C)n1cc(Br)c(Br)c1,CC(C)[Si](C(C)C)(C(C)C)n1cc(-c2ccc3c(c2)C(C)(C)c2ccccc2-3)c(-c2ccc3c(c2)C(C)(C)c2ccccc2-3)c1
SP096,,O=C(O)c1cc(Br)ncc1Br,CC1(C)c2ccccc2-c2ccc(-c3cc(C(=O)O)c(-c4ccc5c(c4)C(C)(C)c4ccccc4-5)cn3)cc21
SP097,N03,Brc1cnc(Br)cn1,CC1(C)c2ccccc2-c2ccc(-c3cnc(-c4ccc5c(c4)C(C)(C)c4ccccc4-5)cn3)cc21
SP098,N01,Brc1ccc(Br)nc1,CC1(C)c2ccccc2-c2ccc(-c3ccc(-c4ccc5c(c4)C(C)(C)c4ccccc4-5)nc3)cc21
SP099,,O=C(O)c1cc(Br)c(C(=O)O)cc1Br,CC1(C)c2ccccc2-c2ccc(-c3cc(C(=O)O)c(-c4ccc5c(c4)C(C)(C)c4ccccc4-5)cc3C(=O)O)cc21
SP100,X02,Brc1cnc(Br)s1,CC1(C)c2ccccc2-c2ccc(-c3cnc(-c4ccc5c(c4)C(C)(C)c4ccccc4-5)s3)cc21
SP101,,O=C(O)c1c(Br)sc(Br)c1C(=O)O,CC1(C)c2ccccc2-c2ccc(-c3sc(-c4ccc5c(c4)C(C)(C)c4ccccc4-5)c(C(=O)O)c3C(=O)O)cc21
SP102,,Nc1c(Br)cc(OC(F)(F)F)cc1Br,CC1(C)c2ccccc2-c2ccc(-c3cc(OC(F)(F)F)cc(-c4ccc5c(c4)C(C)(C)c4ccccc4-5)c3N)cc21
SP103,,Nc1c(Br)cc(F)cc1Br,CC1(C)c2ccccc2-c2ccc(-c3cc(F)cc(-c4ccc5c(c4)C(C)(C)c4ccccc4-5)c3N)cc21
SP104,,Oc1c(Br)cc(F)cc1Br,CC1(C)c2ccccc2-c2ccc(-c3cc(F)cc(-c4ccc5c(c4)C(C)(C)c4ccccc4-5)c3O)cc21
SP105,,COc1c(Br)cc(C)cc1Br,COc1c(-c2ccc3c(c2)C(C)(C)c2ccccc2-3)cc(C)cc1-c1ccc2c(c1)C(C)(C)c1ccccc1-2
SP106,,CC(C)(C)c1cc(Br)c(N)c(Br)c1,CC(C)(C)c1cc(-c2ccc3c(c2)C(C)(C)c2ccccc2-3)c(N)c(-c2ccc3c(c2)C(C)(C)c2ccccc2-3)c1
SP107,,Nc1c(Br)cccc1Br,CC1(C)c2ccccc2-c2ccc(-c3cccc(-c4ccc5c(c4)C(C)(C)c4ccccc4-5)c3N)cc21
SP108,,N#Cc1c(Br)cccc1Br,CC1(C)c2ccccc2-c2ccc(-c3cccc(-c4ccc5c(c4)C(C)(C)c4ccccc4-5)c3C#N)cc21
SP109,,CC(C)(C)OC(=O)n1nc(Br)nc1Br,CC(C)OC(=O)n1nc(-c2ccc3c(c2)C(C)(C)c2ccccc2-3)nc1-c1ccc2c(c1)C(C)(C)c1ccccc1-2
SP110,,NC(=O)c1ccc(Br)nc1Br,CC1(C)c2ccccc2-c2ccc(-c3ccc(C(N)=O)c(-c4ccc5c(c4)C(C)(C)c4ccccc4-5)n3)cc21
SP111,,Nc1c(C(=O)O)cc(Br)c(F)c1Br,CC1(C)c2ccccc2-c2ccc(-c3cc(C(=O)O)c(N)c(-c4ccc5c(c4)C(C)(C)c4ccccc4-5)c3F)cc21
SP112,,Cc1nc(N)c(Br)nc1Br,Cc1nc(N)c(-c2ccc3c(c2)C(C)(C)c2ccccc2-3)nc1-c1ccc2c(c1)C(C)(C)c1ccccc1-2
SP113,,Nc1ncc(Br)nc1Br,CC1(C)c2ccccc2-c2ccc(-c3cnc(N)c(-c4ccc5c(c4)C(C)(C)c4ccccc4-5)n3)cc21
SP114,,CC(C)(C)n1cc(Br)c(Br)n1,CC1(C)c2ccccc2-c2ccc(-c3cn(C(C)(C)C)nc3-c3ccc4c(c3)C(C)(C)c3ccccc3-4)cc21
SP115,,Brc1cocc1Br,CC1(C)c2ccccc2-c2ccc(-c3cocc3-c3ccc4c(c3)C(C)(C)c3ccccc3-4)cc21
SP116,,O=C(O)c1scc(Br)c1Br,CC1(C)c2ccccc2-c2ccc(-c3csc(C(=O)O)c3-c3ccc4c(c3)C(C)(C)c3ccccc3-4)cc21
SP117,,Fc1ncc(Br)cc1Br,CC1(C)c2ccccc2-c2ccc(-c3cnc(F)c(-c4ccc5c(c4)C(C)(C)c4ccccc4-5)c3)cc21
SP118,,COc1ncc(Br)cc1Br,COc1ncc(-c2ccc3c(c2)C(C)(C)c2ccccc2-3)cc1-c1ccc2c(c1)C(C)(C)c1ccccc1-2
SP119,,COc1c(Br)cc(N)cc1Br,COc1c(-c2ccc3c(c2)C(C)(C)c2ccccc2-3)cc(N)cc1-c1ccc2c(c1)C(C)(C)c1ccccc1-2
SP120,,Nc1nc(F)c(Br)cc1Br,CC1(C)c2ccccc2-c2ccc(-c3cc(-c4ccc5c(c4)C(C)(C)c4ccccc4-5)c(F)nc3N)cc21
SP121,,Cc1nc(NN)c(Br)cc1Br,Cc1nc(NN)c(-c2ccc3c(c2)C(C)(C)c2ccccc2-3)cc1-c1ccc2c(c1)C(C)(C)c1ccccc1-2
SP122,,COc1cc(Br)cc(Br)c1,COc1cc(-c2ccc3c(c2)C(C)(C)c2ccccc2-3)cc(-c2ccc3c(c2)C(C)(C)c2ccccc2-3)c1
SP123,,N#Cc1cc(Br)cc(Br)c1,CC1(C)c2ccccc2-c2ccc(-c3cc(C#N)cc(-c4ccc5c(c4)C(C)(C)c4ccccc4-5)c3)cc21
SP124,,OCc1cc(Br)cc(Br)c1,CC1(C)c2ccccc2-c2ccc(-c3cc(CO)cc(-c4ccc5c(c4)C(C)(C)c4ccccc4-5)c3)cc21
SP125,,Oc1cc(Br)cc(Br)c1,CC1(C)c2ccccc2-c2ccc(-c3cc(O)cc(-c4ccc5c(c4)C(C)(C)c4ccccc4-5)c3)cc21
SP126,,N#Cc1ncc(Br)cc1Br,CC1(C)c2ccccc2-c2ccc(-c3cnc(C#N)c(-c4ccc5c(c4)C(C)(C)c4ccccc4-5)c3)cc21
SP127,,O=C(O)c1c(Br)cncc1Br,CC1(C)c2ccccc2-c2ccc(-c3cncc(-c4ccc5c(c4)C(C)(C)c4ccccc4-5)c3C(=O)O)cc21
SP128,N05,Cc1nc(Br)ccc1Br,Cc1nc(-c2ccc3c(c2)C(C)(C)c2ccccc2-3)ccc1-c1ccc2c(c1)C(C)(C)c1ccccc1-2
SP129,,Cc1cc(Br)nnc1Br,Cc1cc(-c2ccc3c(c2)C(C)(C)c2ccccc2-3)nnc1-c1ccc2c(c1)C(C)(C)c1ccccc1-2
SP130,,CCCCCCN1c2ccc(Br)cc2Sc2cc(Br)ccc21,CN1c2ccc(-c3ccc4c(c3)C(C)(C)c3ccccc3-4)cc2Sc2cc(-c3ccc4c(c3)C(C)(C)c3ccccc3-4)ccc21
SP131,,CC(=O)Nc1n[nH]c(Br)c1Br,CC(=O)Nc1n[nH]c(-c2ccc3c(c2)C(C)(C)c2ccccc2-3)c1-c1ccc2c(c1)C(C)(C)c1ccccc1-2
SP132,,Cc1nn(C)c(Br)c1Br,Cc1nn(C)c(-c2ccc3c(c2)C(C)(C)c2ccccc2-3)c1-c1ccc2c(c1)C(C)(C)c1ccccc1-2
SP133,,Cn1nnc(Br)c1Br,Cn1nnc(-c2ccc3c(c2)C(C)(C)c2ccccc2-3)c1-c1ccc2c(c1)C(C)(C)c1ccccc1-2
SP134,,O=C(O)c1cc(Br)c(Br)o1,CC1(C)c2ccccc2-c2ccc(-c3cc(C(=O)O)oc3-c3ccc4c(c3)C(C)(C)c3ccccc3-4)cc21
SP135,,Nc1[nH]nc(Br)c1Br,CC1(C)c2ccccc2-c2ccc(-c3n[nH]c(N)c3-c3ccc4c(c3)C(C)(C)c3ccccc3-4)cc21
SP136,,COc1c(Br)cc(Br)c(F)c1F,COc1c(-c2ccc3c(c2)C(C)(C)c2ccccc2-3)cc(-c2ccc3c(c2)C(C)(C)c2ccccc2-3)c(F)c1F
SP137,,Oc1c(Br)cc(Br)c(F)c1F,CC1(C)c2ccccc2-c2ccc(-c3cc(-c4ccc5c(c4)C(C)(C)c4ccccc4-5)c(F)c(F)c3O)cc21
SP138,,Nc1c(Br)cc2nc[nH]c2c1Br,CC1(C)c2ccccc2-c2ccc(-c3cc4nc[nH]c4c(-c4ccc5c(c4)C(C)(C)c4ccccc4-5)c3N)cc21
SP139,,S=c1[nH]c2c(Br)cc(Br)cc2o1,CC1(C)c2ccccc2-c2ccc(-c3cc(-c4ccc5c(c4)C(C)(C)c4ccccc4-5)c4[nH]c(=S)oc4c3)cc21
SP140,,O=C(O)c1cnc(Br)cc1Br,CC1(C)c2ccccc2-c2ccc(-c3cc(-c4ccc5c(c4)C(C)(C)c4ccccc4-5)c(C(=O)O)cn3)cc21
SP141,,Nc1nnc(Br)cc1Br,CC1(C)c2ccccc2-c2ccc(-c3cc(-c4ccc5c(c4)C(C)(C)c4ccccc4-5)c(N)nn3)cc21
SP142,N06,Brc1ccc(Br)c2[nH]ccc12,CC1(C)c2ccccc2-c2ccc(-c3ccc(-c4ccc5c(c4)C(C)(C)c4ccccc4-5)c4[nH]ccc34)cc21
SP143,,CCCCCCc1c2cc(Br)sc2c(CCCCCC)c2cc(Br)sc12,Cc1c2cc(-c3ccc4c(c3)C(C)(C)c3ccccc3-4)sc2c(C)c2cc(-c3ccc4c(c3)C(C)(C)c3ccccc3-4)sc12
SP144,BD07,Fc1c(F)c(Br)c2nsnc2c1Br,CC1(C)c2ccccc2-c2ccc(-c3c(F)c(F)c(-c4ccc5c(c4)C(C)(C)c4ccccc4-5)c4nsnc34)cc21
SP145,,Brc1ccc(/C=C/c2ccc(Br)cc2)cc1,CC1(C)c2ccccc2-c2ccc(-c3ccc(/C=C/c4ccc(-c5ccc6c(c5)C(C)(C)c5ccccc5-6)cc4)cc3)cc21
SP146,S02,Brc1ccc(-c2ccc(Br)s2)s1,CC1(C)c2ccccc2-c2ccc(-c3ccc(-c4ccc(-c5ccc6c(c5)C(C)(C)c5ccccc5-6)s4)s3)cc21
SP147,,Brc1cc2nsnc2cc1Br,CC1(C)c2ccccc2-c2ccc(-c3cc4nsnc4cc3-c3ccc4c(c3)C(C)(C)c3ccccc3-4)cc21
SP148,,O=c1[nH]cnc2[nH]c(Br)c(Br)c12,CC1(C)c2ccccc2-c2ccc(-c3[nH]c4nc[nH]c(=O)c4c3-c3ccc4c(c3)C(C)(C)c3ccccc3-4)cc21
SP149,,O=C1Nc2c(Br)cc(Br)cc2C1=O,CC1(C)c2ccccc2-c2ccc(-c3cc4c(c(-c5ccc6c(c5)C(C)(C)c5ccccc5-6)c3)NC(=O)C4=O)cc21
SP150,,COc1cc(Br)c2ncccc2c1Br,COc1cc(-c2ccc3c(c2)C(C)(C)c2ccccc2-3)c2ncccc2c1-c1ccc2c(c1)C(C)(C)c1ccccc1-2
SP151,,Brc1cc(Br)c2nccn2c1,CC1(C)c2ccccc2-c2ccc(-c3cc(-c4ccc5c(c4)C(C)(C)c4ccccc4-5)c4nccn4c3)cc21
SP152,,Brc1cc(Br)c2nccn2n1,CC1(C)c2ccccc2-c2ccc(-c3cc(-c4ccc5c(c4)C(C)(C)c4ccccc4-5)c4nccn4n3)cc21
SP153,,O=C(O)CCCCCCOc1cc(Br)cc(Br)c1,CC1(C)c2ccccc2-c2ccc(-c3cc(OCCCCCCC(=O)O)cc(-c4ccc5c(c4)C(C)(C)c4ccccc4-5)c3)cc21
SP154,,Brc1cc(Br)cc(N2CCC3(CC2)OCCO3)c1,CC1(C)c2ccccc2-c2ccc(-c3cc(-c4ccc5c(c4)C(C)(C)c4ccccc4-5)cc(N4CCC5(CC4)OCCO5)c3)cc21
SP155,,COC(=O)c1cc(Br)c(C(=O)OC)cc1Br,COC(=O)c1cc(-c2ccc3c(c2)C(C)(C)c2ccccc2-3)c(C(=O)OC)cc1-c1ccc2c(c1)C(C)(C)c1ccccc1-2
SP156,,CCOC(=O)c1nc(Br)oc1Br,COC(=O)c1nc(-c2ccc3c(c2)C(C)(C)c2ccccc2-3)oc1-c1ccc2c(c1)C(C)(C)c1ccccc1-2
SP158,,COC(=O)c1cc(Br)oc1Br,COC(=O)c1cc(-c2ccc3c(c2)C(C)(C)c2ccccc2-3)oc1-c1ccc2c(c1)C(C)(C)c1ccccc1-2
SP159,,COC(=O)c1cc(Br)cnc1Br,COC(=O)c1cc(-c2ccc3c(c2)C(C)(C)c2ccccc2-3)cnc1-c1ccc2c(c1)C(C)(C)c1ccccc1-2
SP160,,COC(=O)c1cc(Br)c(F)c(Br)c1N,COC(=O)c1cc(-c2ccc3c(c2)C(C)(C)c2ccccc2-3)c(F)c(-c2ccc3c(c2)C(C)(C)c2ccccc2-3)c1N
SP161,,COC(=O)c1cc(Br)c(Br)[nH]1,COC(=O)c1cc(-c2ccc3c(c2)C(C)(C)c2ccccc2-3)c(-c2ccc3c(c2)C(C)(C)c2ccccc2-3)[nH]1
SP162,,Brc1ccc2c(c1)oc1cc(Br)ccc12,CC1(C)c2ccccc2-c2ccc(-c3ccc4c(c3)oc3cc(-c5ccc6c(c5)C(C)(C)c5ccccc5-6)ccc34)cc21
SP163,,Brc1ccc2c(c1)sc1cc(Br)ccc12,CC1(C)c2ccccc2-c2ccc(-c3ccc4c(c3)sc3cc(-c5ccc6c(c5)C(C)(C)c5ccccc5-6)ccc34)cc21
SP164,N11,Brc1ccc(Br)c2cnccc12,CC1(C)c2ccccc2-c2ccc(-c3ccc(-c4ccc5c(c4)C(C)(C)c4ccccc4-5)c4cnccc34)cc21
SP165,X08,O=C1C(=O)c2cc(Br)cnc2-c2ncc(Br)cc21,CC1(C)c2ccccc2-c2ccc(-c3cnc4c(c3)C(=O)C(=O)c3cc(-c5ccc6c(c5)C(C)(C)c5ccccc5-6)cnc3-4)cc21
SP166,,CCCCCCn1c2cc(Br)ccc2c2ccc(Br)cc21,Cn1c2cc(-c3ccc4c(c3)C(C)(C)c3ccccc3-4)ccc2c2ccc(-c3ccc4c(c3)C(C)(C)c3ccccc3-4)cc21
SP167,N12,Brc1ccc(Br)c2ncccc12,CC1(C)c2ccccc2-c2ccc(-c3ccc(-c4ccc5c(c4)C(C)(C)c4ccccc4-5)c4ncccc34)cc21
SP168,,Brc1cnc(Br)c2ccccc12,CC1(C)c2ccccc2-c2ccc(-c3cnc(-c4ccc5c(c4)C(C)(C)c4ccccc4-5)c4ccccc34)cc21
SP169,,CCCCCCCCCCC(CCCCCCCC)CN1C(=O)C(=C2C(=O)N(CC(CCCCCCCC)CCCCCCCCCC)c3cc(Br)ccc32)c2ccc(Br)cc21,CC(C)CN1C(=O)C(=C2C(=O)N(CC(C)C)c3cc(-c4ccc5c(c4)C(C)(C)c4ccccc4-5)ccc32)c2ccc(-c3ccc4c(c3)C(C)(C)c3ccccc3-4)cc21
SP170,,CC(C)(C)OC(=O)N1C(=O)C2=C(c3ccc(Br)s3)N(C(=O)OC(C)(C)C)C(=O)C2=C1c1ccc(Br)s1,CC(C)(C)OC(=O)N1C(=O)C2=C(c3ccc(-c4ccc5c(c4)C(C)(C)c4ccccc4-5)s3)N(C(=O)OC(C)(C)C)C(=O)C2=C1c1ccc(-c2ccc3c(c2)C(C)(C)c2ccccc2-3)s1
SP171,N07,Brc1ccc(Br)c2[nH]cnc12,CC1(C)c2ccccc2-c2ccc(-c3ccc(-c4ccc5c(c4)C(C)(C)c4ccccc4-5)c4[nH]cnc34)cc21
SP172,,Brc1nnc(Br)c2ccccc12,CC1(C)c2ccccc2-c2ccc(-c3nnc(-c4ccc5c(c4)C(C)(C)c4ccccc4-5)c4ccccc34)cc21
SP173,BD04,Brc1ccc(Br)c2nonc12,CC1(C)c2ccccc2-c2ccc(-c3ccc(-c4ccc5c(c4)C(C)(C)c4ccccc4-5)c4nonc34)cc21
SP175,AM01,O=c1[nH]c2c(Br)ccc(Br)c2[nH]1,CC1(C)c2ccccc2-c2ccc(-c3ccc(-c4ccc5c(c4)C(C)(C)c4ccccc4-5)c4[nH]c(=O)[nH]c34)cc21
SP176,N15,Brc1cnc2c(ccc3cc(Br)cnc32)c1,CC1(C)c2ccccc2-c2ccc(-c3cnc4c(ccc5cc(-c6ccc7c(c6)C(C)(C)c6ccccc6-7)cnc54)c3)cc21
SP177,N10,Brc1ncc(Br)n2ccnc12,CC1(C)c2ccccc2-c2ccc(-c3ncc(-c4ccc5c(c4)C(C)(C)c4ccccc4-5)n4ccnc34)cc21
SP178,N08,Brc1cnc(Br)c2[nH]ccc12,CC1(C)c2ccccc2-c2ccc(-c3cnc(-c4ccc5c(c4)C(C)(C)c4ccccc4-5)c4[nH]ccc34)cc21
SP179,X04,Brc1ccc(Br)c2scnc12,CC1(C)c2ccccc2-c2ccc(-c3ccc(-c4ccc5c(c4)C(C)(C)c4ccccc4-5)c4scnc34)cc21
SP180,X07,O=S1(=O)c2cc(Br)ccc2-c2ccc(Br)cc21,CC1(C)c2ccccc2-c2ccc(-c3ccc4c(c3)S(=O)(=O)c3cc(-c5ccc6c(c5)C(C)(C)c5ccccc5-6)ccc3-4)cc21
SP181,N09,Brc1ccc(Br)c2[nH]ncc12,CC1(C)c2ccccc2-c2ccc(-c3ccc(-c4ccc5c(c4)C(C)(C)c4ccccc4-5)c4[nH]ncc34)cc21
SP182,,Nc1nc2c(Br)ccc(Br)c2s1,CC1(C)c2ccccc2-c2ccc(-c3ccc(-c4ccc5c(c4)C(C)(C)c4ccccc4-5)c4sc(N)nc34)cc21
SP183,,NNc1nc2c(Br)ccc(Br)c2s1,CC1(C)c2ccccc2-c2ccc(-c3ccc(-c4ccc5c(c4)C(C)(C)c4ccccc4-5)c4sc(NN)nc34)cc21
SP184,N14,Brc1cnc(Br)c2ncccc12,CC1(C)c2ccccc2-c2ccc(-c3cnc(-c4ccc5c(c4)C(C)(C)c4ccccc4-5)c4ncccc34)cc21
SP185,,Cc1nc2c(Br)ccc(Br)c2s1,Cc1nc2c(-c3ccc4c(c3)C(C)(C)c3ccccc3-4)ccc(-c3ccc4c(c3)C(C)(C)c3ccccc3-4)c2s1
SP186,,CCCCCCc1ccc(C2(c3ccc(CCCCCC)cc3)c3cc4c(cc3-c3sc(Br)cc32)C(c2ccc(CCCCCC)cc2)(c2ccc(CCCCCC)cc2)c2cc(Br)sc2-4)cc1,Cc1ccc(C2(c3ccc(C)cc3)c3cc4c(cc3-c3sc(-c5ccc6c(c5)C(C)(C)c5ccccc5-6)cc32)C(c2ccc(C)cc2)(c2ccc(C)cc2)c2cc(-c3ccc5c(c3)C(C)(C)c3ccccc3-5)sc2-4)cc1
SP187,,Brc1ccc(Br)c2c1CCCN2,CC1(C)c2ccccc2-c2ccc(-c3ccc(-c4ccc5c(c4)C(C)(C)c4ccccc4-5)c4c3CCCN4)cc21
SP188,,Brc1ccc2c(c1)C1(CCOCC1)c1cc(Br)ccc1-2,CC1(C)c2ccccc2-c2ccc(-c3ccc4c(c3)C3(CCOCC3)c3cc(-c5ccc6c(c5)C(C)(C)c5ccccc5-6)ccc3-4)cc21
SP189,AM03,CCCCC(CC)CN1C(=O)C2=C(c3ccc(Br)s3)N(CC(CC)CCCC)C(=O)C2=C1c1ccc(Br)s1,CC(C)CN1C(=O)C2=C(c3ccc(-c4ccc5c(c4)C(C)(C)c4ccccc4-5)s3)N(CC(C)C)C(=O)C2=C1c1ccc(-c2ccc3c(c2)C(C)(C)c2ccccc2-3)s1
SP190,,Brc1ccc(-c2nnc(-c3ccc(Br)cc3)nn2)cc1,CC1(C)c2ccccc2-c2ccc(-c3ccc(-c4nnc(-c5ccc(-c6ccc7c(c6)C(C)(C)c6ccccc6-7)cc5)nn4)cc3)cc21
SP191,S04,Brc1cc2sc3cc(Br)sc3c2s1,CC1(C)c2ccccc2-c2ccc(-c3cc4sc5cc(-c6ccc7c(c6)C(C)(C)c6ccccc6-7)sc5c4s3)cc21
SP194,,Brc1ccc2c3ccc(Br)cc3n(-c3ccccc3)c2c1,CC1(C)c2ccccc2-c2ccc(-c3ccc4c5ccc(-c6ccc7c(c6)C(C)(C)c6ccccc6-7)cc5n(-c5ccccc5)c4c3)cc21
SP195,,O=C1OC(=O)c2c(Br)sc(Br)c21,CC1(C)c2ccccc2-c2ccc(-c3sc(-c4ccc5c(c4)C(C)(C)c4ccccc4-5)c4c3C(=O)OC4=O)cc21
SP196,BD14,Fc1c(F)c(-c2ccc(Br)s2)c2nsnc2c1-c1ccc(Br)s1,CC1(C)c2ccccc2-c2ccc(-c3ccc(-c4c(F)c(F)c(-c5ccc(-c6ccc7c(c6)C(C)(C)c6ccccc6-7)s5)c5nsnc45)s3)cc21
SP197,,Brc1ccc2c3ccc(Br)cc3n(Cc3ccccc3)c2c1,CC1(C)c2ccccc2-c2ccc(-c3ccc4c5ccc(-c6ccc7c(c6)C(C)(C)c6ccccc6-7)cc5n(Cc5ccccc5)c4c3)cc21
SP198,,O=C1N=C(c2ccc(Br)s2)c2c(O)[nH]c(-c3ccc(Br)s3)c21,CC1(C)c2ccccc2-c2ccc(-c3ccc(C4=NC(=O)c5c(-c6ccc(-c7ccc8c(c7)C(C)(C)c7ccccc7-8)s6)[nH]c(O)c54)s3)cc21
SP199,,Brc1ccc(-c2nnc(-c3ccc(Br)cc3)o2)cc1,CC1(C)c2ccccc2-c2ccc(-c3ccc(-c4nnc(-c5ccc(-c6ccc7c(c6)C(C)(C)c6ccccc6-7)cc5)o4)cc3)cc21
SP200,,Nc1c(Br)cnc(Br)c1N,CC1(C)c2ccccc2-c2ccc(-c3cnc(-c4ccc5c(c4)C(C)(C)c4ccccc4-5)c(N)c3N)cc21
SP201,,CCCCC(CC)Cc1sc(CC(CC)CCCC)c2c1C(=O)c1c(-c3ccc(Br)s3)sc(-c3ccc(Br)s3)c1C2=O,CC(C)Cc1sc(CC(C)C)c2c1C(=O)c1c(-c3ccc(-c4ccc5c(c4)C(C)(C)c4ccccc4-5)s3)sc(-c3ccc(-c4ccc5c(c4)C(C)(C)c4ccccc4-5)s3)c1C2=O
SP203,AM02,CCCCCCCCN1C(=O)c2c(Br)sc(Br)c2C1=O,CN1C(=O)c2c(-c3ccc4c(c3)C(C)(C)c3ccccc3-4)sc(-c3ccc4c(c3)C(C)(C)c3ccccc3-4)c2C1=O
SP206,,CCCCCCCCOc1c(OCCCCCCCC)c(Br)c2nsnc2c1Br,COc1c(OC)c(-c2ccc3c(c2)C(C)(C)c2ccccc2-3)c2nsnc2c1-c1ccc2c(c1)C(C)(C)c1ccccc1-2
SP209,,Brc1c2c(c(Br)c3nsnc13)N=S=N2,CC1(C)c2ccccc2-c2ccc(-c3c4c(c(-c5ccc6c(c5)C(C)(C)c5ccccc5-6)c5nsnc35)N=S=N4)cc21
SP210,,CC1(C)c2cc(Br)ccc2-c2c1cc(Br)c1ccccc21,CC1(C)c2ccccc2-c2ccc(-c3ccc4c(c3)C(C)(C)c3cc(-c5ccc6c(c5)C(C)(C)c5ccccc5-6)c5ccccc5c3-4)cc21
SP211,,Brc1ccc(-c2ccc(Br)cn2)nc1,CC1(C)c2ccccc2-c2ccc(-c3ccc(-c4ccc(-c5ccc6c(c5)C(C)(C)c5ccccc5-6)cn4)nc3)cc21
SP212,S03,Brc1cc2c(s1)-c1sc(Br)cc1C2,CC1(C)c2ccccc2-c2ccc(-c3cc4c(s3)-c3sc(-c5ccc6c(c5)C(C)(C)c5ccccc5-6)cc3C4)cc21
SP213,,CCCCCCCCC(CCCCCCCC)n1c2cc(Br)ccc2c2ccc(Br)cc21,CC(C)n1c2cc(-c3ccc4c(c3)C(C)(C)c3ccccc3-4)ccc2c2ccc(-c3ccc4c(c3)C(C)(C)c3ccccc3-4)cc21
SP214,,O=C1c2cc(Br)sc2-c2sc(Br)cc21,CC1(C)c2ccccc2-c2ccc(-c3cc4c(s3)-c3sc(-c5ccc6c(c5)C(C)(C)c5ccccc5-6)cc3C4=O)cc21
SP215,,CN(C)CCCC1(CCCN(C)C)c2cc(Br)ccc2-c2ccc(Br)cc21,CN(C)CCCC1(CCCN(C)C)c2cc(-c3ccc4c(c3)C(C)(C)c3ccccc3-4)ccc2-c2ccc(-c3ccc4c(c3)C(C)(C)c3ccccc3-4)cc21
SP216,,Brc1csc2c(Br)csc12,CC1(C)c2ccccc2-c2ccc(-c3csc4c(-c5ccc6c(c5)C(C)(C)c5ccccc5-6)csc34)cc21
SP217,BD01,CCCCCCCCn1nc2c(Br)ccc(Br)c2n1,Cn1nc2c(-c3ccc4c(c3)C(C)(C)c3ccccc3-4)ccc(-c3ccc4c(c3)C(C)(C)c3ccccc3-4)c2n1
SP219,BD11,Brc1ccc(-c2ccc(-c3ccc(Br)s3)c3nsnc23)s1,CC1(C)c2ccccc2-c2ccc(-c3ccc(-c4ccc(-c5ccc(-c6ccc7c(c6)C(C)(C)c6ccccc6-7)s5)c5nsnc45)s3)cc21
SP220,,Brc1ccc2c(c1)Cc1cc(Br)ccc1-2,CC1(C)c2ccccc2-c2ccc(-c3ccc4c(c3)Cc3cc(-c5ccc6c(c5)C(C)(C)c5ccccc5-6)ccc3-4)cc21
SP221,,CCCCCCC1(CCCCCC)c2cc(Br)ccc2-c2cc3c(cc21)-c1ccc(Br)cc1C3(CCCCCC)CCCCCC,CC1(C)c2ccccc2-c2ccc(-c3ccc4c(c3)C(C)(C)c3cc5c(cc3-4)C(C)(C)c3cc(-c4ccc6c(c4)C(C)(C)c4ccccc4-6)ccc3-5)cc21
SP222,,Brc1nnc(Br)nn1,CC1(C)c2ccccc2-c2ccc(-c3nnc(-c4ccc5c(c4)C(C)(C)c4ccccc4-5)nn3)cc21
SP223,,O=c1c2cc(Br)ccc2c2cc3c(=O)c4cc(Br)ccc4c3cc12,CC1(C)c2ccccc2-c2ccc(-c3ccc4c(c3)c(=O)c3cc5c(cc34)c(=O)c3cc(-c4ccc6c(c4)C(C)(C)c4ccccc4-6)ccc35)cc21
SP224,,Brc1ccc(C#Cc2ccc(Br)cc2)cc1,CC1(C)c2ccccc2-c2ccc(-c3ccc(C#Cc4ccc(-c5ccc6c(c5)C(C)(C)c5ccccc5-6)cc4)cc3)cc21
SP227,,Brc1ccc(C(=C(c2ccccc2)c2ccccc2)c2ccc(Br)cc2)cc1,CC1(C)c2ccccc2-c2ccc(-c3ccc(C(=C(c4ccccc4)c4ccccc4)c4ccc(-c5ccc6c(c5)C(C)(C)c5ccccc5-6)cc4)cc3)cc21
SP228,,CCCCCCC(CCCCCC)=C1c2cc(Br)ccc2-c2ccc(Br)cc21,CC(C)=C1c2cc(-c3ccc4c(c3)C(C)(C)c3ccccc3-4)ccc2-c2ccc(-c3ccc4c(c3)C(C)(C)c3ccccc3-4)cc21
SP229,,Brc1ccc2c(c1)C1(c3cc(Br)ccc3-2)c2cccnc2-c2ncccc21,CC1(C)c2ccccc2-c2ccc(-c3ccc4c(c3)C3(c5cc(-c6ccc7c(c6)C(C)(C)c6ccccc6-7)ccc5-4)c4cccnc4-c4ncccc43)cc21
SP230,,Brc1cccc2c1-c1ccccc1C21c2ccccc2-c2c(Br)cccc21,CC1(C)c2ccccc2-c2ccc(-c3cccc4c3-c3ccccc3C43c4ccccc4-c4c(-c5ccc6c(c5)C(C)(C)c5ccccc5-6)cccc43)cc21
SP231,,Nc1c(N)c(Br)c(F)c(F)c1Br,CC1(C)c2ccccc2-c2ccc(-c3c(N)c(N)c(-c4ccc5c(c4)C(C)(C)c4ccccc4-5)c(F)c3F)cc21
SP232,,O=[N+]([O-])c1c(Br)c(F)c(F)c(Br)c1[N+](=O)[O-],CC1(C)c2ccccc2-c2ccc(-c3c(F)c(F)c(-c4ccc5c(c4)C(C)(C)c4ccccc4-5)c([N+](=O)[O-])c3[N+](=O)[O-])cc21
SP233,,Brc1ccc2[nH]c3ccc(Br)cc3c2c1,CC1(C)c2ccccc2-c2ccc(-c3ccc4[nH]c5ccc(-c6ccc7c(c6)C(C)(C)c6ccccc6-7)cc5c4c3)cc21
SP234,,Brc1ccc2c(c1)c1cc(Br)ccc1n2-c1ccccc1,CC1(C)c2ccccc2-c2ccc(-c3ccc4c(c3)c3cc(-c5ccc6c(c5)C(C)(C)c5ccccc5-6)ccc3n4-c3ccccc3)cc21
SP235,,CC(C)(C)c1cc(Br)c2[nH]c3c(Br)cc(C(C)(C)C)cc3c2c1,CC(C)(C)c1cc(-c2ccc3c(c2)C(C)(C)c2ccccc2-3)c2[nH]c3c(-c4ccc5c(c4)C(C)(C)c4ccccc4-5)cc(C(C)(C)C)cc3c2c1
SP238,,CCCCCCCn1c2ccc(Br)cc2c2cc(Br)ccc21,Cn1c2ccc(-c3ccc4c(c3)C(C)(C)c3ccccc3-4)cc2c2cc(-c3ccc4c(c3)C(C)(C)c3ccccc3-4)ccc21
SP239,,CCCCC(CC)Cn1c2ccc(Br)cc2c2cc(Br)ccc21,CC(C)Cn1c2ccc(-c3ccc4c(c3)C(C)(C)c3ccccc3-4)cc2c2cc(-c3ccc4c(c3)C(C)(C)c3ccccc3-4)ccc21
SP242,,Brc1ccc2c3ccc(Br)cc3c3nccnc3c2c1,CC1(C)c2ccccc2-c2ccc(-c3ccc4c5ccc(-c6ccc7c(c6)C(C)(C)c6ccccc6-7)cc5c5nccnc5c4c3)cc21
SP243,,Brc1cc2cc3sc(Br)cc3cc2s1,CC1(C)c2ccccc2-c2ccc(-c3cc4cc5sc(-c6ccc7c(c6)C(C)(C)c6ccccc6-7)cc5cc4s3)cc21
SP244,BD09,Fc1c(F)c(Br)c2n[se]nc2c1Br,CC1(C)c2ccccc2-c2ccc(-c3c(F)c(F)c(-c4ccc5c(c4)C(C)(C)c4ccccc4-5)c4n[se]nc34)cc21
SP245,,CCCCCCCC[Si]1(CCCCCCCC)c2cc(Br)ccc2-c2ccc(Br)cc21,CC1(C)c2ccccc2-c2ccc(-c3ccc4c(c3)[Si](C)(C)c3cc(-c5ccc6c(c5)C(C)(C)c5ccccc5-6)ccc3-4)cc21
SP246,,CCCCC(CC)CN1C(=O)c2ccc3c4c(Br)cc5c6c(ccc(c7c(Br)cc(c2c37)C1=O)c64)C(=O)N(CC(CC)CCCC)C5=O,CN1C(=O)c2ccc3c4c(-c5ccc6c(c5)C(C)(C)c5ccccc5-6)cc5c6c(ccc(c7c(-c8ccc9c(c8)C(C)(C)c8ccccc8-9)cc(c2c37)C1=O)c64)C(=O)N(C)C5=O
SP247,,Brc1ccc2c(c1)C1(c3ccccc3Oc3ccccc31)c1cc(Br)ccc1-2,CC1(C)c2ccccc2-c2ccc(-c3ccc4c(c3)C3(c5ccccc5Oc5ccccc53)c3cc(-c5ccc6c(c5)C(C)(C)c5ccccc5-6)ccc3-4)cc21
SP249,O02,O=C1OC(=O)c2c(Br)ccc(Br)c21,CC1(C)c2ccccc2-c2ccc(-c3ccc(-c4ccc5c(c4)C(C)(C)c4ccccc4-5)c4c3C(=O)OC4=O)cc21
SP250,,O=C1OC(=O)c2cc(Br)c3c4ccc5c6c(cc(Br)c(c7ccc1c2c73)c64)C(=O)OC5=O,CC1(C)c2ccccc2-c2ccc(-c3cc4c5c(ccc6c7c(-c8ccc9c(c8)C(C)(C)c8ccccc8-9)cc8c9c(ccc(c3c56)c97)C(=O)OC8=O)C(=O)OC4=O)cc21
SP251,,CCCCC(CC)CN1C(=O)c2cc(Br)c3c4c(cc(Br)c(c24)C1=O)C(=O)N(CC(CC)CCCC)C3=O,CN1C(=O)c2cc(-c3ccc4c(c3)C(C)(C)c3ccccc3-4)c3c4c(cc(-c5ccc6c(c5)C(C)(C)c5ccccc5-6)c(c24)C1=O)C(=O)N(C)C3=O
SP253,BD10,CCCCCCCCn1nc2c(-c3ccc(Br)s3)ccc(-c3ccc(Br)s3)c2n1,Cn1nc2c(-c3ccc(-c4ccc5c(c4)C(C)(C)c4ccccc4-5)s3)ccc(-c3ccc(-c4ccc5c(c4)C(C)(C)c4ccccc4-5)s3)c2n1
SP255,,Brc1nc2sc(Br)nc2s1,CC1(C)c2ccccc2-c2ccc(-c3nc4sc(-c5ccc6c(c5)C(C)(C)c5ccccc5-6)nc4s3)cc21
SP256,BD05,Brc1ccc(Br)c2n[se]nc12,CC1(C)c2ccccc2-c2ccc(-c3ccc(-c4ccc5c(c4)C(C)(C)c4ccccc4-5)c4n[se]nc34)cc21
SP258,,CCCCC(Cn(c1c2ccc(Br)c1)c3c2cc(c4c3)n(CC(CCCC)CC)c5c4ccc(Br)c5)CC,Cn1c2cc(-c3ccc4c(c3)C(C)(C)c3ccccc3-4)ccc2c2cc3c(cc21)c1ccc(-c2ccc4c(c2)C(C)(C)c2ccccc2-4)cc1n3C
SP260,,CCCCCCCCn1nc2c(Br)c(F)c(F)c(Br)c2n1,Cn1nc2c(-c3ccc4c(c3)C(C)(C)c3ccccc3-4)c(F)c(F)c(-c3ccc4c(c3)C(C)(C)c3ccccc3-4)c2n1
SP261,,CCCCCCCCC1(CCCCCCCC)c2cc(Br)ccc2-c2ccc(-c3ccc4c(c3)C(CCCCCCCC)(CCCCCCCC)c3cc(Br)ccc3-4)cc21,CC1(C)c2ccccc2-c2ccc(-c3ccc4c(c3)C(C)(C)c3cc(-c5ccc6c(c5)C(C)(C)c5cc(-c7ccc8c(c7)C(C)(C)c7ccccc7-8)ccc5-6)ccc3-4)cc21
SP263,,Brc1ccc2c(c1)C1(c3ccccc3-c3ccccc31)c1cc(Br)ccc1-2,CC1(C)c2ccccc2-c2ccc(-c3ccc4c(c3)C3(c5ccccc5-c5ccccc53)c3cc(-c5ccc6c(c5)C(C)(C)c5ccccc5-6)ccc3-4)cc21
SP264,,Brc1ccc2c(c1)[nH]c1cc3c(cc12)[nH]c1cc(Br)ccc13,CC1(C)c2ccccc2-c2ccc(-c3ccc4c(c3)[nH]c3cc5c(cc34)[nH]c3cc(-c4ccc6c(c4)C(C)(C)c4ccccc4-6)ccc35)cc21
SP266,,CCCCCCCCC1(C2=C(C=CC(=C2)C3=CC4=C(C=C3)C5=C(C4(CCCCCCCC)CCCCCCCC)C=C(C=C5)Br)C6=C1C=C(C=C6)C7=CC8=C(C=C7)C9=C(C8(CCCCCCCC)CCCCCCCC)C=C(C=C9)Br)CCCCCCCC,CC1(C)c2ccccc2-c2ccc(-c3ccc4c(c3)C(C)(C)c3cc(-c5ccc6c(c5)C(C)(C)c5cc(-c7ccc8c(c7)C(C)(C)c7cc(-c9ccc%10c(c9)C(C)(C)c9ccccc9-%10)ccc7-8)ccc5-6)ccc3-4)cc21
SP267,,COc1ccc(N(c2ccc(Br)cc2)c2ccc(Br)cc2)cc1,COc1ccc(N(c2ccc(-c3ccc4c(c3)C(C)(C)c3ccccc3-4)cc2)c2ccc(-c3ccc4c(c3)C(C)(C)c3ccccc3-4)cc2)cc1
SP268,,Brc1ccc(N(c2ccccc2)c2ccc(Br)cc2)cc1,CC1(C)c2ccccc2-c2ccc(-c3ccc(N(c4ccccc4)c4ccc(-c5ccc6c(c5)C(C)(C)c5ccccc5-6)cc4)cc3)cc21
SP271,,Brc1ccc(/C(=C(\c2ccccc2)c2ccc(Br)cc2)c2ccccc2)cc1,CC1(C)c2ccccc2-c2ccc(-c3ccc(/C(=C(\c4ccccc4)c4ccc(-c5ccc6c(c5)C(C)(C)c5ccccc5-6)cc4)c4ccccc4)cc3)cc21
SP275,,O=C1OC(=O)c2cc(Br)c(Br)cc21,CC1(C)c2ccccc2-c2ccc(-c3cc4c(cc3-c3ccc5c(c3)C(C)(C)c3ccccc3-5)C(=O)OC4=O)cc21
SP277,,Cc1cc(C)c(N(c2ccc(Br)cc2)c2ccc(Br)cc2)c(C)c1,Cc1cc(C)c(N(c2ccc(-c3ccc4c(c3)C(C)(C)c3ccccc3-4)cc2)c2ccc(-c3ccc4c(c3)C(C)(C)c3ccccc3-4)cc2)c(C)c1
SP278,,N#CC(C#N)=C1CC(=O)c2cc(Br)c(Br)cc21,CC1(C)c2ccccc2-c2ccc(-c3cc4c(cc3-c3ccc5c(c3)C(C)(C)c3ccccc3-5)C(=C(C#N)C#N)CC4=O)cc21
SP280,,O=C1OC(=O)c2c(Br)cc3c4c(c(Br)cc1c24)C(=O)OC3=O,CC1(C)c2ccccc2-c2ccc(-c3cc4c5c(c(-c6ccc7c(c6)C(C)(C)c6ccccc6-7)cc6c5c3C(=O)OC6=O)C(=O)OC4=O)cc21
SP281,BD08,Fc1c(F)c(Br)c2nonc2c1Br,CC1(C)c2ccccc2-c2ccc(-c3c(F)c(F)c(-c4ccc5c(c4)C(C)(C)c4ccccc4-5)c4nonc34)cc21
SP283,,CCCCC(CC)COCC1(COCC(CC)CCCC)COc2c(Br)sc(Br)c2OC1,COCC1(COC)COc2c(-c3ccc4c(c3)C(C)(C)c3ccccc3-4)sc(-c3ccc4c(c3)C(C)(C)c3ccccc3-4)c2OC1
SP284,BD12,C1=C(C2=N[Se]N=C2C(=C1)C3=CC=C(S3)Br)C4=CC=C(S4)Br,CC1(C)c2ccccc2-c2ccc(-c3ccc(-c4ccc(-c5ccc(-c6ccc7c(c6)C(C)(C)c6ccccc6-7)s5)c5n[se]nc45)s3)cc21
SP285,BD13,CCCCC(CC)CN1N=C2C(=C(C(=C(C2=N1)C3=CC=C(S3)Br)F)F)C4=CC=C(S4)Br,Cn1nc2c(-c3ccc(-c4ccc5c(c4)C(C)(C)c4ccccc4-5)s3)c(F)c(F)c(-c3ccc(-c4ccc5c(c4)C(C)(C)c4ccccc4-5)s3)c2n1
SP287,,C1(=C(C2=NSN=C2C(=C1N)Br)Br)N,CC1(C)c2ccccc2-c2ccc(-c3c(N)c(N)c(-c4ccc5c(c4)C(C)(C)c4ccccc4-5)c4nsnc34)cc21
SP288,BD06,CC1=NC2=C(C3=NSN=C3C(=C2N=C1C)Br)Br,Cc1nc2c(-c3ccc4c(c3)C(C)(C)c3ccccc3-4)c3nsnc3c(-c3ccc4c(c3)C(C)(C)c3ccccc3-4)c2nc1C
SP289,,COCCOCCOCCOC1=C(SC(=C1)Br)C2=C(C=C(S2)Br)OCCOCCOCCOC,COc1c(c2c(OC)cc(c3cc(C(C)(c4c5cccc4)C)c5cc3)s2)sc(c6cc(C(C)(c7c8cccc7)C)c8cc6)c1
SP291,,C(#N)C1=C(SC(=C1C#N)Br)Br,CC1(C)c2ccccc2-c2ccc(-c3sc(-c4ccc5c(c4)C(C)(C)c4ccccc4-5)c(C#N)c3C#N)cc21
SP292,,CCC(C)C1=CC=C(C=C1)N(C2=CC=C(C=C2)Br)C3=CC=C(C=C3)Br,Cc1ccc(N(c2ccc(-c3ccc4c(c3)C(C)(C)c3ccccc3-4)cc2)c2ccc(-c3ccc4c(c3)C(C)(C)c3ccccc3-4)cc2)cc1
SP294,X05,C1=C(SC(=N1)C2=NC=C(S2)Br)Br,CC1(C)c2ccccc2-c2ccc(-c3cnc(-c4ncc(-c5ccc6c(c5)C(C)(C)c5ccccc5-6)s4)s3)cc21
SP295,X06,C1=C(SC(=N1)Br)C2=CN=C(S2)Br,CC1(C)c2ccccc2-c2ccc(-c3ncc(-c4cnc(-c5ccc6c(c5)C(C)(C)c5ccccc5-6)s4)s3)cc21